cell,tphl_ns,tplh_ns,trise_ns,tfall_ns
invx1,0.05515857,0.06459315,0.04976345,0.03693276
invx2,0.03800729,0.04777681,0.03443350,0.02621575
invx4,0.02663537,0.03635775,0.02636954,0.01995222
invx8,0.01931612,0.02917704,0.02133065,0.01569875
